-- phpMyAdmin SQL Dump
-- version 5.1.1
-- https://www.phpmyadmin.net/
--
-- Host: 127.0.0.1
-- Generation Time: Jun 20, 2022 at 09:01 AM
-- Server version: 10.4.22-MariaDB
-- PHP Version: 8.1.2

SET SQL_MODE = "NO_AUTO_VALUE_ON_ZERO";
START TRANSACTION;
SET time_zone = "+00:00";


/*!40101 SET @OLD_CHARACTER_SET_CLIENT=@@CHARACTER_SET_CLIENT */;
/*!40101 SET @OLD_CHARACTER_SET_RESULTS=@@CHARACTER_SET_RESULTS */;
/*!40101 SET @OLD_COLLATION_CONNECTION=@@COLLATION_CONNECTION */;
/*!40101 SET NAMES utf8mb4 */;

--
-- Database: `rkldatabase`
--

-- --------------------------------------------------------

--
-- Table structure for table `addon_account`
--

CREATE TABLE `addon_account` (
  `name` varchar(60) COLLATE utf8mb4_unicode_ci NOT NULL,
  `label` varchar(100) COLLATE utf8mb4_unicode_ci NOT NULL,
  `shared` int(11) NOT NULL
) ENGINE=InnoDB DEFAULT CHARSET=utf8mb4 COLLATE=utf8mb4_unicode_ci;

--
-- Dumping data for table `addon_account`
--

INSERT INTO `addon_account` (`name`, `label`, `shared`) VALUES
('bank_savings', 'Livret Bleu', 0),
('society_ambulance', 'Ambulance', 1),
('society_banker', 'Banque', 1),
('society_cardealer', 'Concessionnaire', 1),
('society_mechanic', 'Mechanic', 1),
('society_police', 'Police', 1),
('society_taxi', 'Taxi', 1);

-- --------------------------------------------------------

--
-- Table structure for table `addon_account_data`
--

CREATE TABLE `addon_account_data` (
  `id` int(11) NOT NULL,
  `account_name` varchar(100) COLLATE utf8mb4_unicode_ci DEFAULT NULL,
  `money` int(11) NOT NULL,
  `owner` varchar(46) COLLATE utf8mb4_unicode_ci DEFAULT NULL
) ENGINE=InnoDB DEFAULT CHARSET=utf8mb4 COLLATE=utf8mb4_unicode_ci;

--
-- Dumping data for table `addon_account_data`
--

INSERT INTO `addon_account_data` (`id`, `account_name`, `money`, `owner`) VALUES
(1, 'society_ambulance', 0, NULL),
(2, 'society_banker', 0, NULL),
(3, 'society_cardealer', 0, NULL),
(4, 'society_taxi', 0, NULL),
(5, 'bank_savings', 0, 'char1:3ab8fd5639df1f498ebc30cffa40dcf42299a45e'),
(6, 'society_mechanic', 0, NULL),
(7, 'society_police', 0, NULL);

-- --------------------------------------------------------

--
-- Table structure for table `addon_inventory`
--

CREATE TABLE `addon_inventory` (
  `name` varchar(60) COLLATE utf8mb4_unicode_ci NOT NULL,
  `label` varchar(100) COLLATE utf8mb4_unicode_ci NOT NULL,
  `shared` int(11) NOT NULL
) ENGINE=InnoDB DEFAULT CHARSET=utf8mb4 COLLATE=utf8mb4_unicode_ci;

--
-- Dumping data for table `addon_inventory`
--

INSERT INTO `addon_inventory` (`name`, `label`, `shared`) VALUES
('society_ambulance', 'Ambulance', 1),
('society_cardealer', 'Concesionnaire', 1),
('society_mechanic', 'Mechanic', 1),
('society_police', 'Police', 1),
('society_taxi', 'Taxi', 1);

-- --------------------------------------------------------

--
-- Table structure for table `addon_inventory_items`
--

CREATE TABLE `addon_inventory_items` (
  `id` int(11) NOT NULL,
  `inventory_name` varchar(100) COLLATE utf8mb4_unicode_ci NOT NULL,
  `name` varchar(100) COLLATE utf8mb4_unicode_ci NOT NULL,
  `count` int(11) NOT NULL,
  `owner` varchar(46) COLLATE utf8mb4_unicode_ci DEFAULT NULL
) ENGINE=InnoDB DEFAULT CHARSET=utf8mb4 COLLATE=utf8mb4_unicode_ci;

-- --------------------------------------------------------

--
-- Table structure for table `banking`
--

CREATE TABLE `banking` (
  `identifier` varchar(46) DEFAULT NULL,
  `type` varchar(50) DEFAULT NULL,
  `amount` int(64) DEFAULT NULL,
  `time` date DEFAULT NULL
) ENGINE=InnoDB DEFAULT CHARSET=utf8mb4;

--
-- Dumping data for table `banking`
--

INSERT INTO `banking` (`identifier`, `type`, `amount`, `time`) VALUES
('char1:3ab8fd5639df1f498ebc30cffa40dcf42299a45e', 'withdraw', 50400, '2022-06-19'),
('char1:3ab8fd5639df1f498ebc30cffa40dcf42299a45e', 'deposit', 993265, '2022-06-19'),
('char1:3ab8fd5639df1f498ebc30cffa40dcf42299a45e', 'withdraw', 993265, '2022-06-19');

-- --------------------------------------------------------

--
-- Table structure for table `billing`
--

CREATE TABLE `billing` (
  `id` int(11) NOT NULL,
  `identifier` varchar(46) COLLATE utf8mb4_unicode_ci DEFAULT NULL,
  `sender` varchar(60) COLLATE utf8mb4_unicode_ci NOT NULL,
  `target_type` varchar(50) COLLATE utf8mb4_unicode_ci NOT NULL,
  `target` varchar(60) COLLATE utf8mb4_unicode_ci NOT NULL,
  `label` varchar(255) COLLATE utf8mb4_unicode_ci NOT NULL,
  `amount` int(11) NOT NULL
) ENGINE=InnoDB DEFAULT CHARSET=utf8mb4 COLLATE=utf8mb4_unicode_ci;

-- --------------------------------------------------------

--
-- Table structure for table `cardealer_vehicles`
--

CREATE TABLE `cardealer_vehicles` (
  `id` int(11) NOT NULL,
  `vehicle` varchar(255) COLLATE utf8mb4_unicode_ci NOT NULL,
  `price` int(11) NOT NULL
) ENGINE=InnoDB DEFAULT CHARSET=utf8mb4 COLLATE=utf8mb4_unicode_ci;

-- --------------------------------------------------------

--
-- Table structure for table `datastore`
--

CREATE TABLE `datastore` (
  `name` varchar(60) COLLATE utf8mb4_unicode_ci NOT NULL,
  `label` varchar(100) COLLATE utf8mb4_unicode_ci NOT NULL,
  `shared` int(11) NOT NULL
) ENGINE=InnoDB DEFAULT CHARSET=utf8mb4 COLLATE=utf8mb4_unicode_ci;

--
-- Dumping data for table `datastore`
--

INSERT INTO `datastore` (`name`, `label`, `shared`) VALUES
('society_ambulance', 'Ambulance', 1),
('society_mechanic', 'Mechanic', 1),
('society_police', 'Police', 1),
('society_taxi', 'Taxi', 1),
('user_ears', 'Ears', 0),
('user_glasses', 'Glasses', 0),
('user_helmet', 'Helmet', 0),
('user_mask', 'Mask', 0);

-- --------------------------------------------------------

--
-- Table structure for table `datastore_data`
--

CREATE TABLE `datastore_data` (
  `id` int(11) NOT NULL,
  `name` varchar(60) COLLATE utf8mb4_unicode_ci NOT NULL,
  `owner` varchar(46) COLLATE utf8mb4_unicode_ci DEFAULT NULL,
  `data` longtext COLLATE utf8mb4_unicode_ci DEFAULT NULL
) ENGINE=InnoDB DEFAULT CHARSET=utf8mb4 COLLATE=utf8mb4_unicode_ci;

--
-- Dumping data for table `datastore_data`
--

INSERT INTO `datastore_data` (`id`, `name`, `owner`, `data`) VALUES
(1, 'society_ambulance', NULL, '\'{}\''),
(2, 'society_taxi', NULL, '\'{}\''),
(3, 'user_ears', 'char1:3ab8fd5639df1f498ebc30cffa40dcf42299a45e', '{}'),
(4, 'user_glasses', 'char1:3ab8fd5639df1f498ebc30cffa40dcf42299a45e', '{}'),
(5, 'user_helmet', 'char1:3ab8fd5639df1f498ebc30cffa40dcf42299a45e', '{}'),
(6, 'user_mask', 'char1:3ab8fd5639df1f498ebc30cffa40dcf42299a45e', '{}'),
(7, 'society_mechanic', NULL, '\'{}\''),
(8, 'society_police', NULL, '\'{}\'');

-- --------------------------------------------------------

--
-- Table structure for table `drx_emsmdt_calls`
--

CREATE TABLE `drx_emsmdt_calls` (
  `incident` int(11) NOT NULL,
  `identifier` varchar(46) DEFAULT NULL,
  `type` varchar(255) NOT NULL,
  `message` text DEFAULT NULL,
  `date` varchar(255) NOT NULL,
  `location` varchar(255) NOT NULL,
  `coords` longtext DEFAULT NULL,
  `charname` varchar(255) NOT NULL,
  `phonenumber` varchar(255) NOT NULL
) ENGINE=InnoDB DEFAULT CHARSET=utf8mb4;

--
-- Dumping data for table `drx_emsmdt_calls`
--

INSERT INTO `drx_emsmdt_calls` (`incident`, `identifier`, `type`, `message`, `date`, `location`, `coords`, `charname`, `phonenumber`) VALUES
(1, 'char1:3ab8fd5639df1f498ebc30cffa40dcf42299a45e', 'Alarm', ' test ttt', '20-06-2022', 'Atlee St', '{\"x\":437.7987365722656,\"y\":-981.37158203125,\"z\":30.68959426879882}', 'RLK Gaming', 'NA');

-- --------------------------------------------------------

--
-- Table structure for table `drx_emsmdt_database`
--

CREATE TABLE `drx_emsmdt_database` (
  `id` int(11) NOT NULL,
  `identifier` varchar(46) DEFAULT NULL,
  `patientName` varchar(255) DEFAULT NULL,
  `author` varchar(255) DEFAULT NULL,
  `title` text DEFAULT NULL,
  `desc` longtext DEFAULT NULL
) ENGINE=InnoDB DEFAULT CHARSET=utf8mb4;

-- --------------------------------------------------------

--
-- Table structure for table `drx_mdt_charges`
--

CREATE TABLE `drx_mdt_charges` (
  `id` int(11) NOT NULL,
  `identifier` varchar(46) DEFAULT NULL,
  `title` varchar(255) DEFAULT NULL,
  `incident` longtext DEFAULT NULL,
  `victim` varchar(255) DEFAULT NULL,
  `author` varchar(255) DEFAULT NULL,
  `charges` longtext DEFAULT NULL,
  `fine` int(11) DEFAULT NULL,
  `jailTime` int(11) DEFAULT NULL,
  `date` varchar(255) DEFAULT NULL,
  `sentenced` varchar(255) DEFAULT 'No'
) ENGINE=InnoDB DEFAULT CHARSET=utf8mb4;

-- --------------------------------------------------------

--
-- Table structure for table `drx_mdt_dispatch`
--

CREATE TABLE `drx_mdt_dispatch` (
  `id` int(11) NOT NULL,
  `identifier` varchar(46) DEFAULT NULL,
  `caller` varchar(255) DEFAULT NULL,
  `details` tinytext DEFAULT NULL,
  `date` varchar(255) DEFAULT NULL,
  `location` varchar(255) DEFAULT NULL,
  `coords` text DEFAULT NULL,
  `respond` tinytext DEFAULT NULL
) ENGINE=InnoDB DEFAULT CHARSET=utf8mb4;

--
-- Dumping data for table `drx_mdt_dispatch`
--

INSERT INTO `drx_mdt_dispatch` (`id`, `identifier`, `caller`, `details`, `date`, `location`, `coords`, `respond`) VALUES
(5, 'char1:3ab8fd5639df1f498ebc30cffa40dcf42299a45e', 'RLK Gaming', '911 -  test tes test', '06-19-2022 23:50:22', 'Davis Ave', '{\"x\":237.58021545410157,\"y\":-1518.4461669921876,\"z\":29.14522171020507}', 'Will go just wait for us');

-- --------------------------------------------------------

--
-- Table structure for table `drx_mdt_profiles`
--

CREATE TABLE `drx_mdt_profiles` (
  `identifier` varchar(46) NOT NULL,
  `rank` varchar(255) DEFAULT NULL,
  `charname` varchar(255) DEFAULT NULL,
  `policegroup` varchar(255) DEFAULT NULL,
  `badgenumber` varchar(255) DEFAULT NULL,
  `duty` varchar(255) DEFAULT NULL,
  `image` varchar(255) DEFAULT NULL
) ENGINE=InnoDB DEFAULT CHARSET=utf8mb4;

--
-- Dumping data for table `drx_mdt_profiles`
--

INSERT INTO `drx_mdt_profiles` (`identifier`, `rank`, `charname`, `policegroup`, `badgenumber`, `duty`, `image`) VALUES
('char1:3ab8fd5639df1f498ebc30cffa40dcf42299a45e', 'user', 'RLK Gaming', 'Cop', 'B100', 'On duty', 'https://pngimage.net/wp-content/uploads/2018/06/gta-online-character-png-9.png');

-- --------------------------------------------------------

--
-- Table structure for table `drx_mdt_warrants`
--

CREATE TABLE `drx_mdt_warrants` (
  `id` int(11) NOT NULL,
  `identifier` varchar(46) DEFAULT NULL,
  `title` varchar(255) DEFAULT NULL,
  `incident` longtext DEFAULT NULL,
  `victim` varchar(255) DEFAULT NULL,
  `author` varchar(255) DEFAULT NULL,
  `model` varchar(255) DEFAULT NULL,
  `plate` varchar(255) DEFAULT NULL,
  `warrants` longtext DEFAULT NULL,
  `date` varchar(255) DEFAULT NULL,
  `type` varchar(255) DEFAULT NULL
) ENGINE=InnoDB DEFAULT CHARSET=utf8mb4;

-- --------------------------------------------------------

--
-- Table structure for table `fine_types`
--

CREATE TABLE `fine_types` (
  `id` int(11) NOT NULL,
  `label` varchar(255) COLLATE utf8mb4_unicode_ci DEFAULT NULL,
  `amount` int(11) DEFAULT NULL,
  `category` int(11) DEFAULT NULL
) ENGINE=InnoDB DEFAULT CHARSET=utf8mb4 COLLATE=utf8mb4_unicode_ci;

--
-- Dumping data for table `fine_types`
--

INSERT INTO `fine_types` (`id`, `label`, `amount`, `category`) VALUES
(1, 'Misuse of a horn', 30, 0),
(2, 'Illegally Crossing a continuous Line', 40, 0),
(3, 'Driving on the wrong side of the road', 250, 0),
(4, 'Illegal U-Turn', 250, 0),
(5, 'Illegally Driving Off-road', 170, 0),
(6, 'Refusing a Lawful Command', 30, 0),
(7, 'Illegally Stopping a Vehicle', 150, 0),
(8, 'Illegal Parking', 70, 0),
(9, 'Failing to Yield to the right', 70, 0),
(10, 'Failure to comply with Vehicle Information', 90, 0),
(11, 'Failing to stop at a Stop Sign ', 105, 0),
(12, 'Failing to stop at a Red Light', 130, 0),
(13, 'Illegal Passing', 100, 0),
(14, 'Driving an illegal Vehicle', 100, 0),
(15, 'Driving without a License', 1500, 0),
(16, 'Hit and Run', 800, 0),
(17, 'Exceeding Speeds Over < 5 mph', 90, 0),
(18, 'Exceeding Speeds Over 5-15 mph', 120, 0),
(19, 'Exceeding Speeds Over 15-30 mph', 180, 0),
(20, 'Exceeding Speeds Over > 30 mph', 300, 0),
(21, 'Impeding traffic flow', 110, 1),
(22, 'Public Intoxication', 90, 1),
(23, 'Disorderly conduct', 90, 1),
(24, 'Obstruction of Justice', 130, 1),
(25, 'Insults towards Civilans', 75, 1),
(26, 'Disrespecting of an LEO', 110, 1),
(27, 'Verbal Threat towards a Civilan', 90, 1),
(28, 'Verbal Threat towards an LEO', 150, 1),
(29, 'Providing False Information', 250, 1),
(30, 'Attempt of Corruption', 1500, 1),
(31, 'Brandishing a weapon in city Limits', 120, 2),
(32, 'Brandishing a Lethal Weapon in city Limits', 300, 2),
(33, 'No Firearms License', 600, 2),
(34, 'Possession of an Illegal Weapon', 700, 2),
(35, 'Possession of Burglary Tools', 300, 2),
(36, 'Grand Theft Auto', 1800, 2),
(37, 'Intent to Sell/Distrube of an illegal Substance', 1500, 2),
(38, 'Frabrication of an Illegal Substance', 1500, 2),
(39, 'Possession of an Illegal Substance ', 650, 2),
(40, 'Kidnapping of a Civilan', 1500, 2),
(41, 'Kidnapping of an LEO', 2000, 2),
(42, 'Robbery', 650, 2),
(43, 'Armed Robbery of a Store', 650, 2),
(44, 'Armed Robbery of a Bank', 1500, 2),
(45, 'Assault on a Civilian', 2000, 3),
(46, 'Assault of an LEO', 2500, 3),
(47, 'Attempt of Murder of a Civilian', 3000, 3),
(48, 'Attempt of Murder of an LEO', 5000, 3),
(49, 'Murder of a Civilian', 10000, 3),
(50, 'Murder of an LEO', 30000, 3),
(51, 'Involuntary manslaughter', 1800, 3),
(52, 'Fraud', 2000, 2);

-- --------------------------------------------------------

--
-- Table structure for table `items`
--

CREATE TABLE `items` (
  `name` varchar(50) COLLATE utf8mb4_unicode_ci NOT NULL,
  `label` varchar(50) COLLATE utf8mb4_unicode_ci NOT NULL,
  `weight` int(11) NOT NULL DEFAULT 1,
  `rare` tinyint(4) NOT NULL DEFAULT 0,
  `can_remove` tinyint(4) NOT NULL DEFAULT 1
) ENGINE=InnoDB DEFAULT CHARSET=utf8mb4 COLLATE=utf8mb4_unicode_ci;

--
-- Dumping data for table `items`
--

INSERT INTO `items` (`name`, `label`, `weight`, `rare`, `can_remove`) VALUES
('bandage', 'Bandage', 2, 0, 1),
('blowpipe', 'Blowtorch', 2, 0, 1),
('bread', 'Bread', 1, 0, 1),
('carokit', 'Body Kit', 3, 0, 1),
('carotool', 'Tools', 2, 0, 1),
('fixkit', 'Repair Kit', 3, 0, 1),
('fixtool', 'Repair Tools', 2, 0, 1),
('gazbottle', 'Gas Bottle', 2, 0, 1),
('medikit', 'Medikit', 2, 0, 1),
('water', 'Water', 1, 0, 1);

-- --------------------------------------------------------

--
-- Table structure for table `jobs`
--

CREATE TABLE `jobs` (
  `name` varchar(50) COLLATE utf8mb4_unicode_ci NOT NULL,
  `label` varchar(50) COLLATE utf8mb4_unicode_ci DEFAULT NULL,
  `whitelisted` tinyint(1) NOT NULL DEFAULT 0
) ENGINE=InnoDB DEFAULT CHARSET=utf8mb4 COLLATE=utf8mb4_unicode_ci;

--
-- Dumping data for table `jobs`
--

INSERT INTO `jobs` (`name`, `label`, `whitelisted`) VALUES
('ambulance', 'Ambulance', 0),
('banker', 'Banquier', 0),
('cardealer', 'Concessionnaire', 0),
('mechanic', 'Mechanic', 0),
('police', 'Police', 0),
('taxi', 'Taxi', 0),
('unemployed', 'Unemployed', 0);

-- --------------------------------------------------------

--
-- Table structure for table `job_grades`
--

CREATE TABLE `job_grades` (
  `id` int(11) NOT NULL,
  `job_name` varchar(50) COLLATE utf8mb4_unicode_ci DEFAULT NULL,
  `grade` int(11) NOT NULL,
  `name` varchar(50) COLLATE utf8mb4_unicode_ci NOT NULL,
  `label` varchar(50) COLLATE utf8mb4_unicode_ci NOT NULL,
  `salary` int(11) NOT NULL,
  `skin_male` longtext COLLATE utf8mb4_unicode_ci NOT NULL,
  `skin_female` longtext COLLATE utf8mb4_unicode_ci NOT NULL
) ENGINE=InnoDB DEFAULT CHARSET=utf8mb4 COLLATE=utf8mb4_unicode_ci;

--
-- Dumping data for table `job_grades`
--

INSERT INTO `job_grades` (`id`, `job_name`, `grade`, `name`, `label`, `salary`, `skin_male`, `skin_female`) VALUES
(1, 'unemployed', 0, 'unemployed', 'Unemployed', 200, '{}', '{}'),
(2, 'ambulance', 0, 'ambulance', 'Ambulancier', 20, '{\"tshirt_2\":0,\"hair_color_1\":5,\"glasses_2\":3,\"shoes\":9,\"torso_2\":3,\"hair_color_2\":0,\"pants_1\":24,\"glasses_1\":4,\"hair_1\":2,\"sex\":0,\"decals_2\":0,\"tshirt_1\":15,\"helmet_1\":8,\"helmet_2\":0,\"arms\":92,\"face\":19,\"decals_1\":60,\"torso_1\":13,\"hair_2\":0,\"skin\":34,\"pants_2\":5}', '{\"tshirt_2\":3,\"decals_2\":0,\"glasses\":0,\"hair_1\":2,\"torso_1\":73,\"shoes\":1,\"hair_color_2\":0,\"glasses_1\":19,\"skin\":13,\"face\":6,\"pants_2\":5,\"tshirt_1\":75,\"pants_1\":37,\"helmet_1\":57,\"torso_2\":0,\"arms\":14,\"sex\":1,\"glasses_2\":0,\"decals_1\":0,\"hair_2\":0,\"helmet_2\":0,\"hair_color_1\":0}'),
(3, 'ambulance', 1, 'doctor', 'Medecin', 40, '{\"tshirt_2\":0,\"hair_color_1\":5,\"glasses_2\":3,\"shoes\":9,\"torso_2\":3,\"hair_color_2\":0,\"pants_1\":24,\"glasses_1\":4,\"hair_1\":2,\"sex\":0,\"decals_2\":0,\"tshirt_1\":15,\"helmet_1\":8,\"helmet_2\":0,\"arms\":92,\"face\":19,\"decals_1\":60,\"torso_1\":13,\"hair_2\":0,\"skin\":34,\"pants_2\":5}', '{\"tshirt_2\":3,\"decals_2\":0,\"glasses\":0,\"hair_1\":2,\"torso_1\":73,\"shoes\":1,\"hair_color_2\":0,\"glasses_1\":19,\"skin\":13,\"face\":6,\"pants_2\":5,\"tshirt_1\":75,\"pants_1\":37,\"helmet_1\":57,\"torso_2\":0,\"arms\":14,\"sex\":1,\"glasses_2\":0,\"decals_1\":0,\"hair_2\":0,\"helmet_2\":0,\"hair_color_1\":0}'),
(4, 'ambulance', 2, 'chief_doctor', 'Medecin-chef', 60, '{\"tshirt_2\":0,\"hair_color_1\":5,\"glasses_2\":3,\"shoes\":9,\"torso_2\":3,\"hair_color_2\":0,\"pants_1\":24,\"glasses_1\":4,\"hair_1\":2,\"sex\":0,\"decals_2\":0,\"tshirt_1\":15,\"helmet_1\":8,\"helmet_2\":0,\"arms\":92,\"face\":19,\"decals_1\":60,\"torso_1\":13,\"hair_2\":0,\"skin\":34,\"pants_2\":5}', '{\"tshirt_2\":3,\"decals_2\":0,\"glasses\":0,\"hair_1\":2,\"torso_1\":73,\"shoes\":1,\"hair_color_2\":0,\"glasses_1\":19,\"skin\":13,\"face\":6,\"pants_2\":5,\"tshirt_1\":75,\"pants_1\":37,\"helmet_1\":57,\"torso_2\":0,\"arms\":14,\"sex\":1,\"glasses_2\":0,\"decals_1\":0,\"hair_2\":0,\"helmet_2\":0,\"hair_color_1\":0}'),
(5, 'ambulance', 3, 'boss', 'Chirurgien', 80, '{\"tshirt_2\":0,\"hair_color_1\":5,\"glasses_2\":3,\"shoes\":9,\"torso_2\":3,\"hair_color_2\":0,\"pants_1\":24,\"glasses_1\":4,\"hair_1\":2,\"sex\":0,\"decals_2\":0,\"tshirt_1\":15,\"helmet_1\":8,\"helmet_2\":0,\"arms\":92,\"face\":19,\"decals_1\":60,\"torso_1\":13,\"hair_2\":0,\"skin\":34,\"pants_2\":5}', '{\"tshirt_2\":3,\"decals_2\":0,\"glasses\":0,\"hair_1\":2,\"torso_1\":73,\"shoes\":1,\"hair_color_2\":0,\"glasses_1\":19,\"skin\":13,\"face\":6,\"pants_2\":5,\"tshirt_1\":75,\"pants_1\":37,\"helmet_1\":57,\"torso_2\":0,\"arms\":14,\"sex\":1,\"glasses_2\":0,\"decals_1\":0,\"hair_2\":0,\"helmet_2\":0,\"hair_color_1\":0}'),
(6, 'banker', 0, 'advisor', 'Conseiller', 10, '{}', '{}'),
(7, 'banker', 1, 'banker', 'Banquier', 20, '{}', '{}'),
(8, 'banker', 2, 'business_banker', 'Banquier d\'affaire', 30, '{}', '{}'),
(9, 'banker', 3, 'trader', 'Trader', 40, '{}', '{}'),
(10, 'banker', 4, 'boss', 'Patron', 0, '{}', '{}'),
(11, 'cardealer', 0, 'recruit', 'Recrue', 10, '{}', '{}'),
(12, 'cardealer', 1, 'novice', 'Novice', 25, '{}', '{}'),
(13, 'cardealer', 2, 'experienced', 'Experimente', 40, '{}', '{}'),
(14, 'cardealer', 3, 'boss', 'Patron', 0, '{}', '{}'),
(15, 'taxi', 0, 'recrue', 'Recrue', 12, '{\"hair_2\":0,\"hair_color_2\":0,\"torso_1\":32,\"bags_1\":0,\"helmet_2\":0,\"chain_2\":0,\"eyebrows_3\":0,\"makeup_3\":0,\"makeup_2\":0,\"tshirt_1\":31,\"makeup_1\":0,\"bags_2\":0,\"makeup_4\":0,\"eyebrows_4\":0,\"chain_1\":0,\"lipstick_4\":0,\"bproof_2\":0,\"hair_color_1\":0,\"decals_2\":0,\"pants_2\":0,\"age_2\":0,\"glasses_2\":0,\"ears_2\":0,\"arms\":27,\"lipstick_1\":0,\"ears_1\":-1,\"mask_2\":0,\"sex\":0,\"lipstick_3\":0,\"helmet_1\":-1,\"shoes_2\":0,\"beard_2\":0,\"beard_1\":0,\"lipstick_2\":0,\"beard_4\":0,\"glasses_1\":0,\"bproof_1\":0,\"mask_1\":0,\"decals_1\":1,\"hair_1\":0,\"eyebrows_2\":0,\"beard_3\":0,\"age_1\":0,\"tshirt_2\":0,\"skin\":0,\"torso_2\":0,\"eyebrows_1\":0,\"face\":0,\"shoes_1\":10,\"pants_1\":24}', '{\"hair_2\":0,\"hair_color_2\":0,\"torso_1\":57,\"bags_1\":0,\"helmet_2\":0,\"chain_2\":0,\"eyebrows_3\":0,\"makeup_3\":0,\"makeup_2\":0,\"tshirt_1\":38,\"makeup_1\":0,\"bags_2\":0,\"makeup_4\":0,\"eyebrows_4\":0,\"chain_1\":0,\"lipstick_4\":0,\"bproof_2\":0,\"hair_color_1\":0,\"decals_2\":0,\"pants_2\":1,\"age_2\":0,\"glasses_2\":0,\"ears_2\":0,\"arms\":21,\"lipstick_1\":0,\"ears_1\":-1,\"mask_2\":0,\"sex\":1,\"lipstick_3\":0,\"helmet_1\":-1,\"shoes_2\":0,\"beard_2\":0,\"beard_1\":0,\"lipstick_2\":0,\"beard_4\":0,\"glasses_1\":5,\"bproof_1\":0,\"mask_1\":0,\"decals_1\":1,\"hair_1\":0,\"eyebrows_2\":0,\"beard_3\":0,\"age_1\":0,\"tshirt_2\":0,\"skin\":0,\"torso_2\":0,\"eyebrows_1\":0,\"face\":0,\"shoes_1\":49,\"pants_1\":11}'),
(16, 'taxi', 1, 'novice', 'Novice', 24, '{\"hair_2\":0,\"hair_color_2\":0,\"torso_1\":32,\"bags_1\":0,\"helmet_2\":0,\"chain_2\":0,\"eyebrows_3\":0,\"makeup_3\":0,\"makeup_2\":0,\"tshirt_1\":31,\"makeup_1\":0,\"bags_2\":0,\"makeup_4\":0,\"eyebrows_4\":0,\"chain_1\":0,\"lipstick_4\":0,\"bproof_2\":0,\"hair_color_1\":0,\"decals_2\":0,\"pants_2\":0,\"age_2\":0,\"glasses_2\":0,\"ears_2\":0,\"arms\":27,\"lipstick_1\":0,\"ears_1\":-1,\"mask_2\":0,\"sex\":0,\"lipstick_3\":0,\"helmet_1\":-1,\"shoes_2\":0,\"beard_2\":0,\"beard_1\":0,\"lipstick_2\":0,\"beard_4\":0,\"glasses_1\":0,\"bproof_1\":0,\"mask_1\":0,\"decals_1\":1,\"hair_1\":0,\"eyebrows_2\":0,\"beard_3\":0,\"age_1\":0,\"tshirt_2\":0,\"skin\":0,\"torso_2\":0,\"eyebrows_1\":0,\"face\":0,\"shoes_1\":10,\"pants_1\":24}', '{\"hair_2\":0,\"hair_color_2\":0,\"torso_1\":57,\"bags_1\":0,\"helmet_2\":0,\"chain_2\":0,\"eyebrows_3\":0,\"makeup_3\":0,\"makeup_2\":0,\"tshirt_1\":38,\"makeup_1\":0,\"bags_2\":0,\"makeup_4\":0,\"eyebrows_4\":0,\"chain_1\":0,\"lipstick_4\":0,\"bproof_2\":0,\"hair_color_1\":0,\"decals_2\":0,\"pants_2\":1,\"age_2\":0,\"glasses_2\":0,\"ears_2\":0,\"arms\":21,\"lipstick_1\":0,\"ears_1\":-1,\"mask_2\":0,\"sex\":1,\"lipstick_3\":0,\"helmet_1\":-1,\"shoes_2\":0,\"beard_2\":0,\"beard_1\":0,\"lipstick_2\":0,\"beard_4\":0,\"glasses_1\":5,\"bproof_1\":0,\"mask_1\":0,\"decals_1\":1,\"hair_1\":0,\"eyebrows_2\":0,\"beard_3\":0,\"age_1\":0,\"tshirt_2\":0,\"skin\":0,\"torso_2\":0,\"eyebrows_1\":0,\"face\":0,\"shoes_1\":49,\"pants_1\":11}'),
(17, 'taxi', 2, 'experimente', 'Experimente', 36, '{\"hair_2\":0,\"hair_color_2\":0,\"torso_1\":26,\"bags_1\":0,\"helmet_2\":0,\"chain_2\":0,\"eyebrows_3\":0,\"makeup_3\":0,\"makeup_2\":0,\"tshirt_1\":57,\"makeup_1\":0,\"bags_2\":0,\"makeup_4\":0,\"eyebrows_4\":0,\"chain_1\":0,\"lipstick_4\":0,\"bproof_2\":0,\"hair_color_1\":0,\"decals_2\":0,\"pants_2\":4,\"age_2\":0,\"glasses_2\":0,\"ears_2\":0,\"arms\":11,\"lipstick_1\":0,\"ears_1\":-1,\"mask_2\":0,\"sex\":0,\"lipstick_3\":0,\"helmet_1\":-1,\"shoes_2\":0,\"beard_2\":0,\"beard_1\":0,\"lipstick_2\":0,\"beard_4\":0,\"glasses_1\":0,\"bproof_1\":0,\"mask_1\":0,\"decals_1\":0,\"hair_1\":0,\"eyebrows_2\":0,\"beard_3\":0,\"age_1\":0,\"tshirt_2\":0,\"skin\":0,\"torso_2\":0,\"eyebrows_1\":0,\"face\":0,\"shoes_1\":10,\"pants_1\":24}', '{\"hair_2\":0,\"hair_color_2\":0,\"torso_1\":57,\"bags_1\":0,\"helmet_2\":0,\"chain_2\":0,\"eyebrows_3\":0,\"makeup_3\":0,\"makeup_2\":0,\"tshirt_1\":38,\"makeup_1\":0,\"bags_2\":0,\"makeup_4\":0,\"eyebrows_4\":0,\"chain_1\":0,\"lipstick_4\":0,\"bproof_2\":0,\"hair_color_1\":0,\"decals_2\":0,\"pants_2\":1,\"age_2\":0,\"glasses_2\":0,\"ears_2\":0,\"arms\":21,\"lipstick_1\":0,\"ears_1\":-1,\"mask_2\":0,\"sex\":1,\"lipstick_3\":0,\"helmet_1\":-1,\"shoes_2\":0,\"beard_2\":0,\"beard_1\":0,\"lipstick_2\":0,\"beard_4\":0,\"glasses_1\":5,\"bproof_1\":0,\"mask_1\":0,\"decals_1\":1,\"hair_1\":0,\"eyebrows_2\":0,\"beard_3\":0,\"age_1\":0,\"tshirt_2\":0,\"skin\":0,\"torso_2\":0,\"eyebrows_1\":0,\"face\":0,\"shoes_1\":49,\"pants_1\":11}'),
(18, 'taxi', 3, 'uber', 'Uber', 48, '{\"hair_2\":0,\"hair_color_2\":0,\"torso_1\":26,\"bags_1\":0,\"helmet_2\":0,\"chain_2\":0,\"eyebrows_3\":0,\"makeup_3\":0,\"makeup_2\":0,\"tshirt_1\":57,\"makeup_1\":0,\"bags_2\":0,\"makeup_4\":0,\"eyebrows_4\":0,\"chain_1\":0,\"lipstick_4\":0,\"bproof_2\":0,\"hair_color_1\":0,\"decals_2\":0,\"pants_2\":4,\"age_2\":0,\"glasses_2\":0,\"ears_2\":0,\"arms\":11,\"lipstick_1\":0,\"ears_1\":-1,\"mask_2\":0,\"sex\":0,\"lipstick_3\":0,\"helmet_1\":-1,\"shoes_2\":0,\"beard_2\":0,\"beard_1\":0,\"lipstick_2\":0,\"beard_4\":0,\"glasses_1\":0,\"bproof_1\":0,\"mask_1\":0,\"decals_1\":0,\"hair_1\":0,\"eyebrows_2\":0,\"beard_3\":0,\"age_1\":0,\"tshirt_2\":0,\"skin\":0,\"torso_2\":0,\"eyebrows_1\":0,\"face\":0,\"shoes_1\":10,\"pants_1\":24}', '{\"hair_2\":0,\"hair_color_2\":0,\"torso_1\":57,\"bags_1\":0,\"helmet_2\":0,\"chain_2\":0,\"eyebrows_3\":0,\"makeup_3\":0,\"makeup_2\":0,\"tshirt_1\":38,\"makeup_1\":0,\"bags_2\":0,\"makeup_4\":0,\"eyebrows_4\":0,\"chain_1\":0,\"lipstick_4\":0,\"bproof_2\":0,\"hair_color_1\":0,\"decals_2\":0,\"pants_2\":1,\"age_2\":0,\"glasses_2\":0,\"ears_2\":0,\"arms\":21,\"lipstick_1\":0,\"ears_1\":-1,\"mask_2\":0,\"sex\":1,\"lipstick_3\":0,\"helmet_1\":-1,\"shoes_2\":0,\"beard_2\":0,\"beard_1\":0,\"lipstick_2\":0,\"beard_4\":0,\"glasses_1\":5,\"bproof_1\":0,\"mask_1\":0,\"decals_1\":1,\"hair_1\":0,\"eyebrows_2\":0,\"beard_3\":0,\"age_1\":0,\"tshirt_2\":0,\"skin\":0,\"torso_2\":0,\"eyebrows_1\":0,\"face\":0,\"shoes_1\":49,\"pants_1\":11}'),
(19, 'taxi', 4, 'boss', 'Patron', 0, '{\"hair_2\":0,\"hair_color_2\":0,\"torso_1\":29,\"bags_1\":0,\"helmet_2\":0,\"chain_2\":0,\"eyebrows_3\":0,\"makeup_3\":0,\"makeup_2\":0,\"tshirt_1\":31,\"makeup_1\":0,\"bags_2\":0,\"makeup_4\":0,\"eyebrows_4\":0,\"chain_1\":0,\"lipstick_4\":0,\"bproof_2\":0,\"hair_color_1\":0,\"decals_2\":0,\"pants_2\":4,\"age_2\":0,\"glasses_2\":0,\"ears_2\":0,\"arms\":1,\"lipstick_1\":0,\"ears_1\":-1,\"mask_2\":0,\"sex\":0,\"lipstick_3\":0,\"helmet_1\":-1,\"shoes_2\":0,\"beard_2\":0,\"beard_1\":0,\"lipstick_2\":0,\"beard_4\":0,\"glasses_1\":0,\"bproof_1\":0,\"mask_1\":0,\"decals_1\":0,\"hair_1\":0,\"eyebrows_2\":0,\"beard_3\":0,\"age_1\":0,\"tshirt_2\":0,\"skin\":0,\"torso_2\":4,\"eyebrows_1\":0,\"face\":0,\"shoes_1\":10,\"pants_1\":24}', '{\"hair_2\":0,\"hair_color_2\":0,\"torso_1\":57,\"bags_1\":0,\"helmet_2\":0,\"chain_2\":0,\"eyebrows_3\":0,\"makeup_3\":0,\"makeup_2\":0,\"tshirt_1\":38,\"makeup_1\":0,\"bags_2\":0,\"makeup_4\":0,\"eyebrows_4\":0,\"chain_1\":0,\"lipstick_4\":0,\"bproof_2\":0,\"hair_color_1\":0,\"decals_2\":0,\"pants_2\":1,\"age_2\":0,\"glasses_2\":0,\"ears_2\":0,\"arms\":21,\"lipstick_1\":0,\"ears_1\":-1,\"mask_2\":0,\"sex\":1,\"lipstick_3\":0,\"helmet_1\":-1,\"shoes_2\":0,\"beard_2\":0,\"beard_1\":0,\"lipstick_2\":0,\"beard_4\":0,\"glasses_1\":5,\"bproof_1\":0,\"mask_1\":0,\"decals_1\":1,\"hair_1\":0,\"eyebrows_2\":0,\"beard_3\":0,\"age_1\":0,\"tshirt_2\":0,\"skin\":0,\"torso_2\":0,\"eyebrows_1\":0,\"face\":0,\"shoes_1\":49,\"pants_1\":11}'),
(20, 'police', 0, 'recruit', 'Recruit', 20, '{}', '{}'),
(21, 'police', 1, 'officer', 'Officer', 40, '{}', '{}'),
(22, 'police', 2, 'sergeant', 'Sergeant', 60, '{}', '{}'),
(23, 'police', 3, 'lieutenant', 'Lieutenant', 85, '{}', '{}'),
(24, 'police', 4, 'boss', 'Chief', 100, '{}', '{}'),
(25, 'mechanic', 0, 'recrue', 'Recruit', 12, '{}', '{}'),
(26, 'mechanic', 1, 'novice', 'Novice', 24, '{}', '{}'),
(27, 'mechanic', 2, 'experimente', 'Experienced', 36, '{}', '{}'),
(28, 'mechanic', 3, 'chief', 'Leader', 48, '{}', '{}'),
(29, 'mechanic', 4, 'boss', 'Boss', 0, '{}', '{}');

-- --------------------------------------------------------

--
-- Table structure for table `licenses`
--

CREATE TABLE `licenses` (
  `type` varchar(60) COLLATE utf8mb4_unicode_ci NOT NULL,
  `label` varchar(60) COLLATE utf8mb4_unicode_ci NOT NULL
) ENGINE=InnoDB DEFAULT CHARSET=utf8mb4 COLLATE=utf8mb4_unicode_ci;

-- --------------------------------------------------------

--
-- Table structure for table `multicharacter_slots`
--

CREATE TABLE `multicharacter_slots` (
  `identifier` varchar(46) COLLATE utf8mb4_unicode_ci NOT NULL,
  `slots` int(11) NOT NULL
) ENGINE=InnoDB DEFAULT CHARSET=utf8mb4 COLLATE=utf8mb4_unicode_ci;

-- --------------------------------------------------------

--
-- Table structure for table `owned_vehicles`
--

CREATE TABLE `owned_vehicles` (
  `owner` varchar(46) COLLATE utf8mb4_unicode_ci DEFAULT NULL,
  `plate` varchar(12) COLLATE utf8mb4_unicode_ci NOT NULL,
  `vehicle` longtext COLLATE utf8mb4_unicode_ci DEFAULT NULL,
  `type` varchar(20) COLLATE utf8mb4_unicode_ci NOT NULL DEFAULT 'car',
  `job` varchar(20) COLLATE utf8mb4_unicode_ci DEFAULT NULL,
  `stored` tinyint(1) NOT NULL DEFAULT 0,
  `stolen` varchar(255) COLLATE utf8mb4_unicode_ci DEFAULT 'No',
  `image` longtext COLLATE utf8mb4_unicode_ci DEFAULT NULL
) ENGINE=InnoDB DEFAULT CHARSET=utf8mb4 COLLATE=utf8mb4_unicode_ci;

--
-- Dumping data for table `owned_vehicles`
--

INSERT INTO `owned_vehicles` (`owner`, `plate`, `vehicle`, `type`, `job`, `stored`, `stolen`, `image`) VALUES
('char1:3ab8fd5639df1f498ebc30cffa40dcf42299a45e', 'QEB 198', '{\"model\":1672195559,\"plate\":\"QEB 198\"}', 'car', NULL, 0, 'No', NULL);

-- --------------------------------------------------------

--
-- Table structure for table `ox_doorlock`
--

CREATE TABLE `ox_doorlock` (
  `id` int(11) UNSIGNED NOT NULL,
  `name` varchar(50) COLLATE utf8mb4_unicode_ci NOT NULL,
  `data` longtext COLLATE utf8mb4_unicode_ci NOT NULL
) ENGINE=InnoDB DEFAULT CHARSET=utf8mb4 COLLATE=utf8mb4_unicode_ci;

--
-- Dumping data for table `ox_doorlock`
--

INSERT INTO `ox_doorlock` (`id`, `name`, `data`) VALUES
(1, 'mrpd locker rooms', '{\"maxDistance\":2,\"heading\":90,\"coords\":{\"x\":450.1041259765625,\"y\":-985.7384033203125,\"z\":30.83930206298828},\"groups\":{\"police\":0},\"state\":1,\"model\":1557126584}'),
(2, 'mrpd cells/briefing', '{\"maxDistance\":2,\"coords\":{\"x\":444.7078552246094,\"y\":-989.4454345703125,\"z\":30.83930206298828},\"doors\":[{\"model\":185711165,\"coords\":{\"x\":446.0079345703125,\"y\":-989.4454345703125,\"z\":30.83930206298828},\"heading\":0},{\"model\":185711165,\"coords\":{\"x\":443.40777587890627,\"y\":-989.4454345703125,\"z\":30.83930206298828},\"heading\":180}],\"groups\":{\"police\":0},\"state\":1}'),
(3, 'mrpd cell 3', '{\"maxDistance\":2,\"heading\":90,\"coords\":{\"x\":461.8065185546875,\"y\":-1001.9515380859375,\"z\":25.06442832946777},\"lockSound\":\"metal-locker\",\"groups\":{\"police\":0},\"state\":1,\"unlockSound\":\"metallic-creak\",\"model\":631614199}'),
(4, 'mrpd back entrance', '{\"maxDistance\":2,\"coords\":{\"x\":468.6697692871094,\"y\":-1014.4520263671875,\"z\":26.5362319946289},\"doors\":[{\"model\":-2023754432,\"coords\":{\"x\":467.37164306640627,\"y\":-1014.4520263671875,\"z\":26.5362319946289},\"heading\":0},{\"model\":-2023754432,\"coords\":{\"x\":469.9678955078125,\"y\":-1014.4520263671875,\"z\":26.5362319946289},\"heading\":180}],\"groups\":{\"police\":0},\"state\":1}'),
(5, 'mrpd cells security door', '{\"maxDistance\":2,\"heading\":0,\"coords\":{\"x\":464.1282958984375,\"y\":-1003.5386962890625,\"z\":25.00598907470703},\"autolock\":5,\"groups\":{\"police\":0},\"state\":1,\"model\":-1033001619}'),
(6, 'mrpd cell 2', '{\"maxDistance\":2,\"heading\":90,\"coords\":{\"x\":461.8064880371094,\"y\":-998.3082885742188,\"z\":25.06442832946777},\"lockSound\":\"metal-locker\",\"groups\":{\"police\":0},\"state\":1,\"unlockSound\":\"metallic-creak\",\"model\":631614199}'),
(7, 'mrpd captain\'s office', '{\"maxDistance\":2,\"heading\":180,\"coords\":{\"x\":446.57281494140627,\"y\":-980.0105590820313,\"z\":30.83930206298828},\"groups\":{\"police\":0},\"state\":1,\"model\":-1320876379}'),
(8, 'mrpd gate', '{\"maxDistance\":6,\"heading\":90,\"coords\":{\"x\":488.894775390625,\"y\":-1017.2102661132813,\"z\":27.14714050292968},\"groups\":{\"police\":0},\"auto\":true,\"state\":1,\"model\":-1603817716}'),
(9, 'mrpd cell 1', '{\"maxDistance\":2,\"heading\":270,\"coords\":{\"x\":461.8065185546875,\"y\":-993.7586059570313,\"z\":25.06442832946777},\"lockSound\":\"metal-locker\",\"groups\":{\"police\":0},\"state\":1,\"unlockSound\":\"metallic-creak\",\"model\":631614199}'),
(10, 'mrpd cells main', '{\"maxDistance\":2,\"heading\":360,\"coords\":{\"x\":463.92010498046877,\"y\":-992.6640625,\"z\":25.06442832946777},\"lockSound\":\"metal-locker\",\"groups\":{\"police\":0},\"state\":1,\"unlockSound\":\"metallic-creak\",\"model\":631614199}'),
(11, 'mrpd armoury', '{\"maxDistance\":2,\"heading\":270,\"coords\":{\"x\":453.08428955078127,\"y\":-982.5794677734375,\"z\":30.81926536560058},\"autolock\":5,\"groups\":{\"police\":0},\"state\":1,\"model\":749848321}'),
(12, 'bankdoor', '{\"state\":1,\"coords\":{\"x\":256.3115539550781,\"y\":220.65785217285157,\"z\":106.42955780029297},\"passcode\":\"1234\",\"groups\":{\"offbanker\":0,\"banker\":0},\"autolock\":5000,\"heading\":340,\"model\":-222270721,\"maxDistance\":2}');

-- --------------------------------------------------------

--
-- Table structure for table `ox_inventory`
--

CREATE TABLE `ox_inventory` (
  `owner` varchar(46) COLLATE utf8mb4_unicode_ci DEFAULT NULL,
  `name` varchar(100) COLLATE utf8mb4_unicode_ci NOT NULL,
  `data` longtext COLLATE utf8mb4_unicode_ci DEFAULT NULL,
  `lastupdated` timestamp NULL DEFAULT current_timestamp() ON UPDATE current_timestamp()
) ENGINE=InnoDB DEFAULT CHARSET=utf8mb4 COLLATE=utf8mb4_unicode_ci;

-- --------------------------------------------------------

--
-- Table structure for table `rented_vehicles`
--

CREATE TABLE `rented_vehicles` (
  `vehicle` varchar(60) COLLATE utf8mb4_unicode_ci NOT NULL,
  `plate` varchar(12) COLLATE utf8mb4_unicode_ci NOT NULL,
  `player_name` varchar(255) COLLATE utf8mb4_unicode_ci NOT NULL,
  `base_price` int(11) NOT NULL,
  `rent_price` int(11) NOT NULL,
  `owner` varchar(46) COLLATE utf8mb4_unicode_ci DEFAULT NULL
) ENGINE=InnoDB DEFAULT CHARSET=utf8mb4 COLLATE=utf8mb4_unicode_ci;

-- --------------------------------------------------------

--
-- Table structure for table `society_moneywash`
--

CREATE TABLE `society_moneywash` (
  `id` int(11) NOT NULL,
  `identifier` varchar(46) COLLATE utf8mb4_unicode_ci DEFAULT NULL,
  `society` varchar(60) COLLATE utf8mb4_unicode_ci NOT NULL,
  `amount` int(11) NOT NULL
) ENGINE=InnoDB DEFAULT CHARSET=utf8mb4 COLLATE=utf8mb4_unicode_ci;

-- --------------------------------------------------------

--
-- Table structure for table `users`
--

CREATE TABLE `users` (
  `identifier` varchar(46) COLLATE utf8mb4_unicode_ci NOT NULL,
  `accounts` longtext COLLATE utf8mb4_unicode_ci DEFAULT NULL,
  `group` varchar(50) COLLATE utf8mb4_unicode_ci DEFAULT 'user',
  `inventory` longtext COLLATE utf8mb4_unicode_ci DEFAULT NULL,
  `job` varchar(20) COLLATE utf8mb4_unicode_ci DEFAULT 'unemployed',
  `job_grade` int(11) DEFAULT 0,
  `loadout` longtext COLLATE utf8mb4_unicode_ci DEFAULT NULL,
  `position` varchar(255) COLLATE utf8mb4_unicode_ci DEFAULT '{"x":-269.4,"y":-955.3,"z":31.2,"heading":205.8}',
  `firstname` varchar(16) COLLATE utf8mb4_unicode_ci DEFAULT NULL,
  `lastname` varchar(16) COLLATE utf8mb4_unicode_ci DEFAULT NULL,
  `dateofbirth` varchar(10) COLLATE utf8mb4_unicode_ci DEFAULT NULL,
  `phonenumber` varchar(255) COLLATE utf8mb4_unicode_ci NOT NULL DEFAULT 'NA',
  `sex` varchar(1) COLLATE utf8mb4_unicode_ci DEFAULT NULL,
  `height` int(11) DEFAULT NULL,
  `disabled` tinyint(1) DEFAULT 0,
  `skin` longtext COLLATE utf8mb4_unicode_ci DEFAULT NULL,
  `is_dead` tinyint(1) DEFAULT 0,
  `status` longtext COLLATE utf8mb4_unicode_ci DEFAULT NULL,
  `wanted` varchar(255) COLLATE utf8mb4_unicode_ci NOT NULL DEFAULT 'No',
  `note` text COLLATE utf8mb4_unicode_ci DEFAULT NULL,
  `jailTime` int(11) NOT NULL DEFAULT 0,
  `image` text COLLATE utf8mb4_unicode_ci NOT NULL DEFAULT 'https://pngimage.net/wp-content/uploads/2018/06/gta-online-character-png-9.png',
  `emsstatus` varchar(255) COLLATE utf8mb4_unicode_ci DEFAULT 'Unavailable'
) ENGINE=InnoDB DEFAULT CHARSET=utf8mb4 COLLATE=utf8mb4_unicode_ci;

--
-- Dumping data for table `users`
--

INSERT INTO `users` (`identifier`, `accounts`, `group`, `inventory`, `job`, `job_grade`, `loadout`, `position`, `firstname`, `lastname`, `dateofbirth`, `phonenumber`, `sex`, `height`, `disabled`, `skin`, `is_dead`, `status`, `wanted`, `note`, `jailTime`, `image`, `emsstatus`) VALUES
('char1:3ab8fd5639df1f498ebc30cffa40dcf42299a45e', '{\"bank\":0,\"black_money\":0,\"money\":1053665}', 'admin', '[{\"name\":\"money\",\"slot\":1,\"count\":1053665},{\"name\":\"WEAPON_KNIFE\",\"slot\":2,\"metadata\":{\"components\":[],\"durability\":100},\"count\":1},{\"name\":\"WEAPON_PISTOL\",\"slot\":3,\"metadata\":{\"serial\":\"863238EDZ168268\",\"components\":[],\"ammo\":10,\"registered\":\"RLK Gaming\",\"durability\":94.70000000000002},\"count\":1},{\"name\":\"ammo-9\",\"slot\":4,\"count\":1947}]', 'police', 0, '[]', '{\"heading\":47.1,\"x\":-93.0,\"y\":6332.2,\"z\":31.5}', 'RLK', 'Gaming', '03/01/1988', 'NA', 'm', 180, 0, '{\"blush_1\":0,\"beard_2\":0,\"pants_1\":4,\"complexion_1\":0,\"mask_1\":0,\"bodyb_1\":-1,\"bracelets_1\":-1,\"eyebrows_3\":0,\"blemishes_1\":0,\"eyebrows_6\":0,\"eyebrows_1\":0,\"bodyb_4\":0,\"chest_1\":0,\"hair_color_1\":0,\"glasses_1\":0,\"face_md_weight\":50,\"blemishes_2\":0,\"moles_2\":0,\"nose_6\":0,\"cheeks_2\":0,\"skin_md_weight\":50,\"beard_3\":0,\"eyebrows_2\":0,\"decals_2\":0,\"cheeks_3\":0,\"jaw_2\":0,\"pants_2\":1,\"nose_2\":0,\"nose_1\":0,\"hair_color_2\":0,\"torso_2\":0,\"sun_2\":0,\"beard_4\":0,\"makeup_4\":0,\"bodyb_2\":0,\"eye_squint\":0,\"makeup_1\":0,\"lipstick_1\":0,\"bracelets_2\":0,\"sex\":0,\"chest_2\":0,\"makeup_3\":0,\"bproof_1\":0,\"glasses_2\":0,\"chin_4\":0,\"sun_1\":0,\"tshirt_2\":0,\"ears_1\":-1,\"arms\":5,\"nose_3\":0,\"chain_2\":0,\"ears_2\":0,\"torso_1\":37,\"age_2\":0,\"bodyb_3\":-1,\"shoes_2\":4,\"lip_thickness\":0,\"arms_2\":0,\"chin_3\":0,\"mask_2\":0,\"chin_2\":0,\"eyebrows_5\":0,\"lipstick_3\":0,\"hair_1\":12,\"dad\":0,\"cheeks_1\":0,\"bproof_2\":0,\"jaw_1\":0,\"tshirt_1\":14,\"beard_1\":0,\"chest_3\":0,\"moles_1\":0,\"lipstick_4\":0,\"age_1\":0,\"chin_1\":0,\"shoes_1\":1,\"eye_color\":0,\"eyebrows_4\":0,\"complexion_2\":0,\"lipstick_2\":0,\"helmet_2\":1,\"watches_1\":-1,\"watches_2\":0,\"neck_thickness\":0,\"helmet_1\":4,\"chin_13\":0,\"bags_1\":0,\"chain_1\":0,\"blush_2\":0,\"nose_5\":0,\"blush_3\":0,\"nose_4\":0,\"bags_2\":0,\"hair_2\":0,\"mom\":21,\"decals_1\":0,\"makeup_2\":0}', 0, '[]', 'No', NULL, 0, 'https://pngimage.net/wp-content/uploads/2018/06/gta-online-character-png-9.png', 'Busy');

-- --------------------------------------------------------

--
-- Table structure for table `user_licenses`
--

CREATE TABLE `user_licenses` (
  `id` int(11) NOT NULL,
  `type` varchar(60) COLLATE utf8mb4_unicode_ci NOT NULL,
  `owner` varchar(46) COLLATE utf8mb4_unicode_ci DEFAULT NULL
) ENGINE=InnoDB DEFAULT CHARSET=utf8mb4 COLLATE=utf8mb4_unicode_ci;

-- --------------------------------------------------------

--
-- Table structure for table `vehicles`
--

CREATE TABLE `vehicles` (
  `name` varchar(60) COLLATE utf8mb4_unicode_ci NOT NULL,
  `model` varchar(60) COLLATE utf8mb4_unicode_ci NOT NULL,
  `price` int(11) NOT NULL,
  `category` varchar(60) COLLATE utf8mb4_unicode_ci DEFAULT NULL
) ENGINE=InnoDB DEFAULT CHARSET=utf8mb4 COLLATE=utf8mb4_unicode_ci;

--
-- Dumping data for table `vehicles`
--

INSERT INTO `vehicles` (`name`, `model`, `price`, `category`) VALUES
('Adder', 'adder', 900000, 'super'),
('Akuma', 'AKUMA', 7500, 'motorcycles'),
('Alpha', 'alpha', 60000, 'sports'),
('Ardent', 'ardent', 1150000, 'sportsclassics'),
('Asea', 'asea', 5500, 'sedans'),
('Autarch', 'autarch', 1955000, 'super'),
('Avarus', 'avarus', 18000, 'motorcycles'),
('Bagger', 'bagger', 13500, 'motorcycles'),
('Baller', 'baller2', 40000, 'suvs'),
('Baller Sport', 'baller3', 60000, 'suvs'),
('Banshee', 'banshee', 70000, 'sports'),
('Banshee 900R', 'banshee2', 255000, 'super'),
('Bati 801', 'bati', 12000, 'motorcycles'),
('Bati 801RR', 'bati2', 19000, 'motorcycles'),
('Bestia GTS', 'bestiagts', 55000, 'sports'),
('BF400', 'bf400', 6500, 'motorcycles'),
('Bf Injection', 'bfinjection', 16000, 'offroad'),
('Bifta', 'bifta', 12000, 'offroad'),
('Bison', 'bison', 45000, 'vans'),
('Blade', 'blade', 15000, 'muscle'),
('Blazer', 'blazer', 6500, 'offroad'),
('Blazer Sport', 'blazer4', 8500, 'offroad'),
('blazer5', 'blazer5', 1755600, 'offroad'),
('Blista', 'blista', 8000, 'compacts'),
('BMX (velo)', 'bmx', 160, 'motorcycles'),
('Bobcat XL', 'bobcatxl', 32000, 'vans'),
('Brawler', 'brawler', 45000, 'offroad'),
('Brioso R/A', 'brioso', 18000, 'compacts'),
('Btype', 'btype', 62000, 'sportsclassics'),
('Btype Hotroad', 'btype2', 155000, 'sportsclassics'),
('Btype Luxe', 'btype3', 85000, 'sportsclassics'),
('Buccaneer', 'buccaneer', 18000, 'muscle'),
('Buccaneer Rider', 'buccaneer2', 24000, 'muscle'),
('Buffalo', 'buffalo', 12000, 'sports'),
('Buffalo S', 'buffalo2', 20000, 'sports'),
('Bullet', 'bullet', 90000, 'super'),
('Burrito', 'burrito3', 19000, 'vans'),
('Camper', 'camper', 42000, 'vans'),
('Carbonizzare', 'carbonizzare', 75000, 'sports'),
('Carbon RS', 'carbonrs', 18000, 'motorcycles'),
('Casco', 'casco', 30000, 'sportsclassics'),
('Cavalcade', 'cavalcade2', 55000, 'suvs'),
('Cheetah', 'cheetah', 375000, 'super'),
('Chimera', 'chimera', 38000, 'motorcycles'),
('Chino', 'chino', 15000, 'muscle'),
('Chino Luxe', 'chino2', 19000, 'muscle'),
('Cliffhanger', 'cliffhanger', 9500, 'motorcycles'),
('Cognoscenti Cabrio', 'cogcabrio', 55000, 'coupes'),
('Cognoscenti', 'cognoscenti', 55000, 'sedans'),
('Comet', 'comet2', 65000, 'sports'),
('Comet 5', 'comet5', 1145000, 'sports'),
('Contender', 'contender', 70000, 'suvs'),
('Coquette', 'coquette', 65000, 'sports'),
('Coquette Classic', 'coquette2', 40000, 'sportsclassics'),
('Coquette BlackFin', 'coquette3', 55000, 'muscle'),
('Cruiser (velo)', 'cruiser', 510, 'motorcycles'),
('Cyclone', 'cyclone', 1890000, 'super'),
('Daemon', 'daemon', 11500, 'motorcycles'),
('Daemon High', 'daemon2', 13500, 'motorcycles'),
('Defiler', 'defiler', 9800, 'motorcycles'),
('Deluxo', 'deluxo', 4721500, 'sportsclassics'),
('Dominator', 'dominator', 35000, 'muscle'),
('Double T', 'double', 28000, 'motorcycles'),
('Dubsta', 'dubsta', 45000, 'suvs'),
('Dubsta Luxuary', 'dubsta2', 60000, 'suvs'),
('Bubsta 6x6', 'dubsta3', 120000, 'offroad'),
('Dukes', 'dukes', 28000, 'muscle'),
('Dune Buggy', 'dune', 8000, 'offroad'),
('Elegy', 'elegy2', 38500, 'sports'),
('Emperor', 'emperor', 8500, 'sedans'),
('Enduro', 'enduro', 5500, 'motorcycles'),
('Entity XF', 'entityxf', 425000, 'super'),
('Esskey', 'esskey', 4200, 'motorcycles'),
('Exemplar', 'exemplar', 32000, 'coupes'),
('F620', 'f620', 40000, 'coupes'),
('Faction', 'faction', 20000, 'muscle'),
('Faction Rider', 'faction2', 30000, 'muscle'),
('Faction XL', 'faction3', 40000, 'muscle'),
('Faggio', 'faggio', 1900, 'motorcycles'),
('Vespa', 'faggio2', 2800, 'motorcycles'),
('Felon', 'felon', 42000, 'coupes'),
('Felon GT', 'felon2', 55000, 'coupes'),
('Feltzer', 'feltzer2', 55000, 'sports'),
('Stirling GT', 'feltzer3', 65000, 'sportsclassics'),
('Fixter (velo)', 'fixter', 225, 'motorcycles'),
('FMJ', 'fmj', 185000, 'super'),
('Fhantom', 'fq2', 17000, 'suvs'),
('Fugitive', 'fugitive', 12000, 'sedans'),
('Furore GT', 'furoregt', 45000, 'sports'),
('Fusilade', 'fusilade', 40000, 'sports'),
('Gargoyle', 'gargoyle', 16500, 'motorcycles'),
('Gauntlet', 'gauntlet', 30000, 'muscle'),
('Gang Burrito', 'gburrito', 45000, 'vans'),
('Burrito', 'gburrito2', 29000, 'vans'),
('Glendale', 'glendale', 6500, 'sedans'),
('Grabger', 'granger', 50000, 'suvs'),
('Gresley', 'gresley', 47500, 'suvs'),
('GT 500', 'gt500', 785000, 'sportsclassics'),
('Guardian', 'guardian', 45000, 'offroad'),
('Hakuchou', 'hakuchou', 31000, 'motorcycles'),
('Hakuchou Sport', 'hakuchou2', 55000, 'motorcycles'),
('Hermes', 'hermes', 535000, 'muscle'),
('Hexer', 'hexer', 12000, 'motorcycles'),
('Hotknife', 'hotknife', 125000, 'muscle'),
('Huntley S', 'huntley', 40000, 'suvs'),
('Hustler', 'hustler', 625000, 'muscle'),
('Infernus', 'infernus', 180000, 'super'),
('Innovation', 'innovation', 23500, 'motorcycles'),
('Intruder', 'intruder', 7500, 'sedans'),
('Issi', 'issi2', 10000, 'compacts'),
('Jackal', 'jackal', 38000, 'coupes'),
('Jester', 'jester', 65000, 'sports'),
('Jester(Racecar)', 'jester2', 135000, 'sports'),
('Journey', 'journey', 6500, 'vans'),
('Kamacho', 'kamacho', 345000, 'offroad'),
('Khamelion', 'khamelion', 38000, 'sports'),
('Kuruma', 'kuruma', 30000, 'sports'),
('Landstalker', 'landstalker', 35000, 'suvs'),
('RE-7B', 'le7b', 325000, 'super'),
('Lynx', 'lynx', 40000, 'sports'),
('Mamba', 'mamba', 70000, 'sports'),
('Manana', 'manana', 12800, 'sportsclassics'),
('Manchez', 'manchez', 5300, 'motorcycles'),
('Massacro', 'massacro', 65000, 'sports'),
('Massacro(Racecar)', 'massacro2', 130000, 'sports'),
('Mesa', 'mesa', 16000, 'suvs'),
('Mesa Trail', 'mesa3', 40000, 'suvs'),
('Minivan', 'minivan', 13000, 'vans'),
('Monroe', 'monroe', 55000, 'sportsclassics'),
('The Liberator', 'monster', 210000, 'offroad'),
('Moonbeam', 'moonbeam', 18000, 'vans'),
('Moonbeam Rider', 'moonbeam2', 35000, 'vans'),
('Nemesis', 'nemesis', 5800, 'motorcycles'),
('Neon', 'neon', 1500000, 'sports'),
('Nightblade', 'nightblade', 35000, 'motorcycles'),
('Nightshade', 'nightshade', 65000, 'muscle'),
('9F', 'ninef', 65000, 'sports'),
('9F Cabrio', 'ninef2', 80000, 'sports'),
('Omnis', 'omnis', 35000, 'sports'),
('Oppressor', 'oppressor', 3524500, 'super'),
('Oracle XS', 'oracle2', 35000, 'coupes'),
('Osiris', 'osiris', 160000, 'super'),
('Panto', 'panto', 10000, 'compacts'),
('Paradise', 'paradise', 19000, 'vans'),
('Pariah', 'pariah', 1420000, 'sports'),
('Patriot', 'patriot', 55000, 'suvs'),
('PCJ-600', 'pcj', 6200, 'motorcycles'),
('Penumbra', 'penumbra', 28000, 'sports'),
('Pfister', 'pfister811', 85000, 'super'),
('Phoenix', 'phoenix', 12500, 'muscle'),
('Picador', 'picador', 18000, 'muscle'),
('Pigalle', 'pigalle', 20000, 'sportsclassics'),
('Prairie', 'prairie', 12000, 'compacts'),
('Premier', 'premier', 8000, 'sedans'),
('Primo Custom', 'primo2', 14000, 'sedans'),
('X80 Proto', 'prototipo', 2500000, 'super'),
('Radius', 'radi', 29000, 'suvs'),
('raiden', 'raiden', 1375000, 'sports'),
('Rapid GT', 'rapidgt', 35000, 'sports'),
('Rapid GT Convertible', 'rapidgt2', 45000, 'sports'),
('Rapid GT3', 'rapidgt3', 885000, 'sportsclassics'),
('Reaper', 'reaper', 150000, 'super'),
('Rebel', 'rebel2', 35000, 'offroad'),
('Regina', 'regina', 5000, 'sedans'),
('Retinue', 'retinue', 615000, 'sportsclassics'),
('Revolter', 'revolter', 1610000, 'sports'),
('riata', 'riata', 380000, 'offroad'),
('Rocoto', 'rocoto', 45000, 'suvs'),
('Ruffian', 'ruffian', 6800, 'motorcycles'),
('Ruiner 2', 'ruiner2', 5745600, 'muscle'),
('Rumpo', 'rumpo', 15000, 'vans'),
('Rumpo Trail', 'rumpo3', 19500, 'vans'),
('Sabre Turbo', 'sabregt', 20000, 'muscle'),
('Sabre GT', 'sabregt2', 25000, 'muscle'),
('Sanchez', 'sanchez', 5300, 'motorcycles'),
('Sanchez Sport', 'sanchez2', 5300, 'motorcycles'),
('Sanctus', 'sanctus', 25000, 'motorcycles'),
('Sandking', 'sandking', 55000, 'offroad'),
('Savestra', 'savestra', 990000, 'sportsclassics'),
('SC 1', 'sc1', 1603000, 'super'),
('Schafter', 'schafter2', 25000, 'sedans'),
('Schafter V12', 'schafter3', 50000, 'sports'),
('Scorcher (velo)', 'scorcher', 280, 'motorcycles'),
('Seminole', 'seminole', 25000, 'suvs'),
('Sentinel', 'sentinel', 32000, 'coupes'),
('Sentinel XS', 'sentinel2', 40000, 'coupes'),
('Sentinel3', 'sentinel3', 650000, 'sports'),
('Seven 70', 'seven70', 39500, 'sports'),
('ETR1', 'sheava', 220000, 'super'),
('Shotaro Concept', 'shotaro', 320000, 'motorcycles'),
('Slam Van', 'slamvan3', 11500, 'muscle'),
('Sovereign', 'sovereign', 22000, 'motorcycles'),
('Stinger', 'stinger', 80000, 'sportsclassics'),
('Stinger GT', 'stingergt', 75000, 'sportsclassics'),
('Streiter', 'streiter', 500000, 'sports'),
('Stretch', 'stretch', 90000, 'sedans'),
('Stromberg', 'stromberg', 3185350, 'sports'),
('Sultan', 'sultan', 15000, 'sports'),
('Sultan RS', 'sultanrs', 65000, 'super'),
('Super Diamond', 'superd', 130000, 'sedans'),
('Surano', 'surano', 50000, 'sports'),
('Surfer', 'surfer', 12000, 'vans'),
('T20', 't20', 300000, 'super'),
('Tailgater', 'tailgater', 30000, 'sedans'),
('Tampa', 'tampa', 16000, 'muscle'),
('Drift Tampa', 'tampa2', 80000, 'sports'),
('Thrust', 'thrust', 24000, 'motorcycles'),
('Tri bike (velo)', 'tribike3', 520, 'motorcycles'),
('Trophy Truck', 'trophytruck', 60000, 'offroad'),
('Trophy Truck Limited', 'trophytruck2', 80000, 'offroad'),
('Tropos', 'tropos', 40000, 'sports'),
('Turismo R', 'turismor', 350000, 'super'),
('Tyrus', 'tyrus', 600000, 'super'),
('Vacca', 'vacca', 120000, 'super'),
('Vader', 'vader', 7200, 'motorcycles'),
('Verlierer', 'verlierer2', 70000, 'sports'),
('Vigero', 'vigero', 12500, 'muscle'),
('Virgo', 'virgo', 14000, 'muscle'),
('Viseris', 'viseris', 875000, 'sportsclassics'),
('Visione', 'visione', 2250000, 'super'),
('Voltic', 'voltic', 90000, 'super'),
('Voltic 2', 'voltic2', 3830400, 'super'),
('Voodoo', 'voodoo', 7200, 'muscle'),
('Vortex', 'vortex', 9800, 'motorcycles'),
('Warrener', 'warrener', 4000, 'sedans'),
('Washington', 'washington', 9000, 'sedans'),
('Windsor', 'windsor', 95000, 'coupes'),
('Windsor Drop', 'windsor2', 125000, 'coupes'),
('Woflsbane', 'wolfsbane', 9000, 'motorcycles'),
('XLS', 'xls', 32000, 'suvs'),
('Yosemite', 'yosemite', 485000, 'muscle'),
('Youga', 'youga', 10800, 'vans'),
('Youga Luxuary', 'youga2', 14500, 'vans'),
('Z190', 'z190', 900000, 'sportsclassics'),
('Zentorno', 'zentorno', 1500000, 'super'),
('Zion', 'zion', 36000, 'coupes'),
('Zion Cabrio', 'zion2', 45000, 'coupes'),
('Zombie', 'zombiea', 9500, 'motorcycles'),
('Zombie Luxuary', 'zombieb', 12000, 'motorcycles'),
('Z-Type', 'ztype', 220000, 'sportsclassics');

-- --------------------------------------------------------

--
-- Table structure for table `vehicle_categories`
--

CREATE TABLE `vehicle_categories` (
  `name` varchar(60) COLLATE utf8mb4_unicode_ci NOT NULL,
  `label` varchar(60) COLLATE utf8mb4_unicode_ci NOT NULL
) ENGINE=InnoDB DEFAULT CHARSET=utf8mb4 COLLATE=utf8mb4_unicode_ci;

--
-- Dumping data for table `vehicle_categories`
--

INSERT INTO `vehicle_categories` (`name`, `label`) VALUES
('compacts', 'Compacts'),
('coupes', 'Coups'),
('motorcycles', 'Motos'),
('muscle', 'Muscle'),
('offroad', 'Off Road'),
('sedans', 'Sedans'),
('sports', 'Sports'),
('sportsclassics', 'Sports Classics'),
('super', 'Super'),
('suvs', 'SUVs'),
('vans', 'Vans');

-- --------------------------------------------------------

--
-- Table structure for table `vehicle_sold`
--

CREATE TABLE `vehicle_sold` (
  `client` varchar(50) COLLATE utf8mb4_unicode_ci NOT NULL,
  `model` varchar(50) COLLATE utf8mb4_unicode_ci NOT NULL,
  `plate` varchar(50) COLLATE utf8mb4_unicode_ci NOT NULL,
  `soldby` varchar(50) COLLATE utf8mb4_unicode_ci NOT NULL,
  `date` varchar(50) COLLATE utf8mb4_unicode_ci NOT NULL
) ENGINE=InnoDB DEFAULT CHARSET=utf8mb4 COLLATE=utf8mb4_unicode_ci;

--
-- Indexes for dumped tables
--

--
-- Indexes for table `addon_account`
--
ALTER TABLE `addon_account`
  ADD PRIMARY KEY (`name`);

--
-- Indexes for table `addon_account_data`
--
ALTER TABLE `addon_account_data`
  ADD PRIMARY KEY (`id`),
  ADD UNIQUE KEY `index_addon_account_data_account_name_owner` (`account_name`,`owner`),
  ADD KEY `index_addon_account_data_account_name` (`account_name`);

--
-- Indexes for table `addon_inventory`
--
ALTER TABLE `addon_inventory`
  ADD PRIMARY KEY (`name`);

--
-- Indexes for table `addon_inventory_items`
--
ALTER TABLE `addon_inventory_items`
  ADD PRIMARY KEY (`id`),
  ADD KEY `index_addon_inventory_items_inventory_name_name` (`inventory_name`,`name`),
  ADD KEY `index_addon_inventory_items_inventory_name_name_owner` (`inventory_name`,`name`,`owner`),
  ADD KEY `index_addon_inventory_inventory_name` (`inventory_name`);

--
-- Indexes for table `billing`
--
ALTER TABLE `billing`
  ADD PRIMARY KEY (`id`);

--
-- Indexes for table `cardealer_vehicles`
--
ALTER TABLE `cardealer_vehicles`
  ADD PRIMARY KEY (`id`);

--
-- Indexes for table `datastore`
--
ALTER TABLE `datastore`
  ADD PRIMARY KEY (`name`);

--
-- Indexes for table `datastore_data`
--
ALTER TABLE `datastore_data`
  ADD PRIMARY KEY (`id`),
  ADD UNIQUE KEY `index_datastore_data_name_owner` (`name`,`owner`),
  ADD KEY `index_datastore_data_name` (`name`);

--
-- Indexes for table `drx_emsmdt_calls`
--
ALTER TABLE `drx_emsmdt_calls`
  ADD PRIMARY KEY (`incident`) USING BTREE;

--
-- Indexes for table `drx_emsmdt_database`
--
ALTER TABLE `drx_emsmdt_database`
  ADD PRIMARY KEY (`id`);

--
-- Indexes for table `drx_mdt_charges`
--
ALTER TABLE `drx_mdt_charges`
  ADD PRIMARY KEY (`id`);

--
-- Indexes for table `drx_mdt_dispatch`
--
ALTER TABLE `drx_mdt_dispatch`
  ADD PRIMARY KEY (`id`);

--
-- Indexes for table `drx_mdt_profiles`
--
ALTER TABLE `drx_mdt_profiles`
  ADD PRIMARY KEY (`identifier`);

--
-- Indexes for table `drx_mdt_warrants`
--
ALTER TABLE `drx_mdt_warrants`
  ADD PRIMARY KEY (`id`);

--
-- Indexes for table `fine_types`
--
ALTER TABLE `fine_types`
  ADD PRIMARY KEY (`id`);

--
-- Indexes for table `items`
--
ALTER TABLE `items`
  ADD PRIMARY KEY (`name`);

--
-- Indexes for table `jobs`
--
ALTER TABLE `jobs`
  ADD PRIMARY KEY (`name`);

--
-- Indexes for table `job_grades`
--
ALTER TABLE `job_grades`
  ADD PRIMARY KEY (`id`);

--
-- Indexes for table `licenses`
--
ALTER TABLE `licenses`
  ADD PRIMARY KEY (`type`);

--
-- Indexes for table `multicharacter_slots`
--
ALTER TABLE `multicharacter_slots`
  ADD PRIMARY KEY (`identifier`) USING BTREE,
  ADD KEY `slots` (`slots`) USING BTREE;

--
-- Indexes for table `owned_vehicles`
--
ALTER TABLE `owned_vehicles`
  ADD PRIMARY KEY (`plate`);

--
-- Indexes for table `ox_doorlock`
--
ALTER TABLE `ox_doorlock`
  ADD PRIMARY KEY (`id`);

--
-- Indexes for table `ox_inventory`
--
ALTER TABLE `ox_inventory`
  ADD UNIQUE KEY `owner` (`owner`,`name`);

--
-- Indexes for table `rented_vehicles`
--
ALTER TABLE `rented_vehicles`
  ADD PRIMARY KEY (`plate`);

--
-- Indexes for table `society_moneywash`
--
ALTER TABLE `society_moneywash`
  ADD PRIMARY KEY (`id`);

--
-- Indexes for table `users`
--
ALTER TABLE `users`
  ADD PRIMARY KEY (`identifier`);

--
-- Indexes for table `user_licenses`
--
ALTER TABLE `user_licenses`
  ADD PRIMARY KEY (`id`);

--
-- Indexes for table `vehicles`
--
ALTER TABLE `vehicles`
  ADD PRIMARY KEY (`model`);

--
-- Indexes for table `vehicle_categories`
--
ALTER TABLE `vehicle_categories`
  ADD PRIMARY KEY (`name`);

--
-- Indexes for table `vehicle_sold`
--
ALTER TABLE `vehicle_sold`
  ADD PRIMARY KEY (`plate`);

--
-- AUTO_INCREMENT for dumped tables
--

--
-- AUTO_INCREMENT for table `addon_account_data`
--
ALTER TABLE `addon_account_data`
  MODIFY `id` int(11) NOT NULL AUTO_INCREMENT, AUTO_INCREMENT=8;

--
-- AUTO_INCREMENT for table `addon_inventory_items`
--
ALTER TABLE `addon_inventory_items`
  MODIFY `id` int(11) NOT NULL AUTO_INCREMENT;

--
-- AUTO_INCREMENT for table `billing`
--
ALTER TABLE `billing`
  MODIFY `id` int(11) NOT NULL AUTO_INCREMENT;

--
-- AUTO_INCREMENT for table `cardealer_vehicles`
--
ALTER TABLE `cardealer_vehicles`
  MODIFY `id` int(11) NOT NULL AUTO_INCREMENT;

--
-- AUTO_INCREMENT for table `datastore_data`
--
ALTER TABLE `datastore_data`
  MODIFY `id` int(11) NOT NULL AUTO_INCREMENT, AUTO_INCREMENT=9;

--
-- AUTO_INCREMENT for table `drx_emsmdt_calls`
--
ALTER TABLE `drx_emsmdt_calls`
  MODIFY `incident` int(11) NOT NULL AUTO_INCREMENT, AUTO_INCREMENT=2;

--
-- AUTO_INCREMENT for table `drx_emsmdt_database`
--
ALTER TABLE `drx_emsmdt_database`
  MODIFY `id` int(11) NOT NULL AUTO_INCREMENT;

--
-- AUTO_INCREMENT for table `drx_mdt_charges`
--
ALTER TABLE `drx_mdt_charges`
  MODIFY `id` int(11) NOT NULL AUTO_INCREMENT, AUTO_INCREMENT=4;

--
-- AUTO_INCREMENT for table `drx_mdt_dispatch`
--
ALTER TABLE `drx_mdt_dispatch`
  MODIFY `id` int(11) NOT NULL AUTO_INCREMENT, AUTO_INCREMENT=6;

--
-- AUTO_INCREMENT for table `drx_mdt_warrants`
--
ALTER TABLE `drx_mdt_warrants`
  MODIFY `id` int(11) NOT NULL AUTO_INCREMENT, AUTO_INCREMENT=8;

--
-- AUTO_INCREMENT for table `fine_types`
--
ALTER TABLE `fine_types`
  MODIFY `id` int(11) NOT NULL AUTO_INCREMENT, AUTO_INCREMENT=53;

--
-- AUTO_INCREMENT for table `job_grades`
--
ALTER TABLE `job_grades`
  MODIFY `id` int(11) NOT NULL AUTO_INCREMENT, AUTO_INCREMENT=30;

--
-- AUTO_INCREMENT for table `ox_doorlock`
--
ALTER TABLE `ox_doorlock`
  MODIFY `id` int(11) UNSIGNED NOT NULL AUTO_INCREMENT, AUTO_INCREMENT=13;

--
-- AUTO_INCREMENT for table `society_moneywash`
--
ALTER TABLE `society_moneywash`
  MODIFY `id` int(11) NOT NULL AUTO_INCREMENT;

--
-- AUTO_INCREMENT for table `user_licenses`
--
ALTER TABLE `user_licenses`
  MODIFY `id` int(11) NOT NULL AUTO_INCREMENT;
COMMIT;

/*!40101 SET CHARACTER_SET_CLIENT=@OLD_CHARACTER_SET_CLIENT */;
/*!40101 SET CHARACTER_SET_RESULTS=@OLD_CHARACTER_SET_RESULTS */;
/*!40101 SET COLLATION_CONNECTION=@OLD_COLLATION_CONNECTION */;
